Sample,Gene,Entrez,Category,Details
X-1383,BRAF,673,Amp5,7.01
X-1832,BRAF,673,Amp5,6.5
X-2376,BRAF,673,MutNovel,"I330V,0.250"
X-3147,BRAF,673,Amp5,5.06
X-1167,BRAF,673,MutKnownFunctional,"V600E,0.357"
X-1329,BRAF,673,MutKnownFunctional,"V600E,0.489"
X-1855,BRAF,673,MutNovel,"D287H,1.000"
X-2145,BRAF,673,MutKnownFunctional,"V600E,0.500"
X-2145,BRAF,673,MutNovel,"I214T,0.333"
X-2145,BRAF,673,MutNovel,"A38D,0.667"
X-2182,BRAF,673,MutKnownFunctional,"V600E,0.417"
X-2483,BRAF,673,MutKnownFunctional,"V600E,0.484"
X-2761,BRAF,673,MutKnownFunctional,"V600E,0.583"
X-3205,BRAF,673,MutNovel,"A762V,0.650"
X-5238,BRAF,673,MutKnownFunctional,"V600E,0.686"
X-5421,BRAF,673,MutKnownFunctional,"V600E,0.955"
X-5438,BRAF,673,MutKnownFunctional,"V600E,0.455"
X-1323,BRAF,673,MutLikelyFunctional,"D594N,0.778"
X-1980,BRAF,673,MutKnownFunctional,"V600E,0.588"
X-1906,BRAF,673,MutKnownFunctional,"V600E,0.798"
X-1906,BRAF,673,Amp5,5.66
X-2306,BRAF,673,MutLikelyFunctional,"L597S,0.952"
X-2306,BRAF,673,Amp8,9.99
X-2602,BRAF,673,MutKnownFunctional,"V600E,0.625"
X-2613,BRAF,673,MutKnownFunctional,"V600E,0.792"
X-2723,BRAF,673,MutKnownFunctional,"V600E,0.786"
X-3211,BRAF,673,MutKnownFunctional,"V600K,0.585"
X-3483,BRAF,673,MutKnownFunctional,"V600E,0.893"
X-3486,BRAF,673,MutNovel,"E275K,0.211"
X-3676,BRAF,673,MutKnownFunctional,"V600E,0.510"
X-3676,BRAF,673,MutNovel,"E275K,0.571"
X-3746,BRAF,673,MutKnownFunctional,"V600E,0.467"
X-3773,BRAF,673,MutNovel,"S732F,0.477"
X-3851,BRAF,673,MutNovel,"S467L,0.714"
X-4339,BRAF,673,MutNovel,"L584F,0.486"
X-4530,BRAF,673,MutKnownFunctional,"V600E,0.266"
X-4538,BRAF,673,MutKnownFunctional,"V600E,0.485"
X-4644,BRAF,673,MutKnownFunctional,"V600E,0.719"
X-4644,BRAF,673,Amp5,6.92
X-4668,BRAF,673,MutKnownFunctional,"V600E,0.855"
X-4849,BRAF,673,MutKnownFunctional,"V600E,0.646"
X-5584,BRAF,673,MutKnownFunctional,"V600E,0.705"
X-5645,BRAF,673,MutKnownFunctional,"V600K,0.800"
X-5808,BRAF,673,MutNovel,"S447T,0.253"
X-5959,BRAF,673,MutNovel,"P731S,1.000"
X-5959,BRAF,673,MutNovel,"L485Y,1.000"
X-4579,BRAF,673,Amp5,5.35
X-4829,BRAF,673,MutNovel,"QL98Q,0.500"
X-2628,BRAF,673,MutKnownFunctional,"V600E,0.375"
X-3419,BRAF,673,Del0.8,0.65
X-4799,BRAF,673,Amp8,8.75
X-5273,BRAF,673,MutNovel,"E533K,0.403"
